student,company,year
Jason Brown,Brown-Lindsey,2023
Jacob Stein,Brown-Lindsey,2023
Cody Brown,Brown-Lindsey,2021
Larry Morales,Brown-Lindsey,2020
Jessica Hendricks,Brown-Lindsey,2020
Brian Moore,Brown-Lindsey,2020
Scott Baker,Brown-Lindsey,2021
Ruth Hoffman,Davidson Inc,2021
Daniel George,"Williams, Lopez and Brown",2021
David Moody,"Williams, Lopez and Brown",2021
Brian Maxwell,"Williams, Lopez and Brown",2022
Cory Cooper,"Williams, Lopez and Brown",2022
Morgan Foster,Jenkins-Hall,2021
James Sandoval,"Bender, Hamilton and Hendricks",2021
Brian Lester,Smith-Schmidt,2020
Anne Davis,Young-Wyatt,2022
Miss Amanda Harris MD,Young-Wyatt,2022
Amy Dunn,Galloway-Garrett,2019
Brian Lee,Hoffman Group,2021
Kimberly Pratt,Hoffman Group,2021
Russell Yang,Hoffman Group,2021
Renee Fisher,"Robinson, George and Lee",2020
Rebecca Castro,Liu LLC,2023
Robert Yoder,Liu LLC,2023
Todd Young,Myers-Jones,2022
John Houston,Scott-Lee,2022
Matthew Valdez,Sanchez-Brown,2020
Gary Nguyen,Foster-Chavez,2020
Alexander Poole,Davies-Park,2023
Dean Welch,Evans Group,2020
Andrew Perez,Evans Group,2020
Brian Porter,Evans Group,2022
Aaron Walker,Evans Group,2022
Brian Porter,Evans Group,2022
Aaron Walker,Evans Group,2022
Lisa Wilson,"Davis, Davis and Kidd",2022
Brian Miller,"Davis, Davis and Kidd",2022
Nicholas Evans,"Davis, Davis and Kidd",2020
Jessica Hernandez,"Parker, Brown and Avila",2020
Teresa Haynes,Rice Inc,2023
Angela Maynard,Dunn-Peterson,2020
Stephanie Gregory,Lee Ltd,2020
Phyllis Hess,"Fernandez, Pratt and Miller",2023
Stephen Martin,"Fernandez, Pratt and Miller",2023
Emily Blair,"Fernandez, Pratt and Miller",2023
Hannah Holland,"Yang, Hutchinson and Drake",2022
Adam Hoffman,Valencia-Silva,2022
Holly Roberts,Valencia-Silva,2022
Jeffrey Brown,Valencia-Silva,2022
Sarah Keith,"Garcia, Carr and Simon",2019
Sean Weeks,Campbell LLC,2020
Tony Lloyd,Campbell LLC,2020
Caleb Davidson,Nichols PLC,2021
Andrew Patterson,Bennett-Prince,2022
Joshua Ellis,Rios-Valdez,2022
Cassandra Lewis,Rios-Valdez,2022
Sabrina Wallace,Lopez LLC,2021
Derek Allison,Lopez LLC,2023
Taylor Dawson,Lopez LLC,2023
Allison Yoder,Lopez LLC,2023
Jo Brown,"Lewis, Johnson and Poole",2020
Jennifer Mcdowell,"Lewis, Johnson and Poole",2020
Matthew Fry,Mooney-Johnson,2022
Jose Nolan,Mooney-Johnson,2022
Richard Meza,Mooney-Johnson,2022
Michael Moore PhD,Mooney-Johnson,2020
Philip Anderson,Mooney-Johnson,2020
Joyce Bishop,Mooney-Johnson,2020
Patricia Ali,Mooney-Johnson,2020
Raymond Galvan,Mooney-Johnson,2021
Corey Green,Mooney-Johnson,2021
Dr. Robert White,Mooney-Johnson,2021
Joseph Copeland,Mooney-Johnson,2021
Matthew King,Mooney-Johnson,2021
Jonathan Francis,Mooney-Johnson,2021
Carmen Hardy,Mooney-Johnson,2022
Kendra Andersen,Mooney-Johnson,2022
Jennifer Welch,Mooney-Johnson,2022
Heather Ryan,Hodges and Sons,2020
Jeff Hays,Hodges and Sons,2020
Chloe Marshall,Clark PLC,2021
Kimberly Blair,Andrews Group,2020
Frederick Ramirez,Andrews Group,2020
Ariel Williams,Smith-Walker,2023
Jim Thompson,"Gilbert, Wilson and Miller",2023
Melissa Walker,"Gilbert, Wilson and Miller",2021
Mason Williams,Miller LLC,2020
Nathan Jackson,Miller LLC,2020
Angela Howard,Miller LLC,2020
Derrick Santiago,Miller LLC,2023
Carrie Craig,Dennis LLC,2020
Sean Powell,Tyler Group,2020
Thomas Garcia,Tyler Group,2023
Katherine Davis,Tyler Group,2023
Jennifer Berry,Hernandez-Lyons,2023
David Lewis,"Baxter, Vasquez and Gentry",2020
Linda Smith,Davenport Ltd,2021
Robert Garrett,Davenport Ltd,2021
Parker Kent,Yu PLC,2021
Michelle Logan,Yu PLC,2021
Beverly Baker DVM,Valdez and Sons,2021
James Decker,Valdez and Sons,2022
Julie Carey,Valdez and Sons,2021
Morgan Melendez,"Baldwin, Edwards and Blair",2021
Kyle Mcdonald,"Garcia, Miller and Ayers",2022
Barry Stephens,Young LLC,2019
Michael Johnson,Young LLC,2019
Donald Cruz,Young LLC,2019
Joseph Watts,Richardson-Roberts,2023
Edward Robinson,Diaz and Sons,2020
John Mcdonald,Duncan LLC,2020
Candace Lee PhD,"Keith, Young and Glenn",2022
